order_id,customer_id,restaurant_id,partner_id,order_date,total_amount,payment_method,order_status
1,164,46,536,2025-01-10,1355,Wallet,Pending
2,29,78,625,2025-01-10,1155,UPI,Delivered
3,7,4,163,2025-01-10,1255,UPI,Pending
4,190,182,373,2025-01-11,765,UPI,Delivered
5,71,137,382,2025-01-11,950,Net Banking,Delivered
6,63,33,940,2025-01-11,1170,Card,Delivered
7,58,71,290,2025-01-11,720,Cash,Delivered
8,36,12,397,2025-01-12,245,UPI,Delivered
9,189,14,419,2025-01-12,525,Cash,Cancelled
10,27,142,794,2025-01-13,475,Card,Delivered
11,174,75,347,2025-01-13,205,Card,Pending
12,190,179,696,2025-01-13,605,UPI,Delivered
13,140,33,613,2025-01-13,190,Cash,Delivered
14,23,164,54,2025-01-13,1025,Card,Delivered
15,152,193,809,2025-01-14,145,Cash,Delivered
16,109,126,647,2025-01-14,1215,Cash,Delivered
17,9,27,663,2025-01-14,1275,UPI,Cancelled
18,8,4,343,2025-01-15,1355,Cash,Delivered
19,24,147,68,2025-01-16,575,UPI,Cancelled
20,56,73,338,2025-01-16,110,Cash,Delivered
21,60,121,97,2025-01-16,155,Wallet,Pending
22,130,123,572,2025-01-16,1060,Card,Delivered
23,155,113,695,2025-01-16,145,Net Banking,Delivered
24,7,88,396,2025-01-17,175,Net Banking,Delivered
25,144,48,291,2025-01-18,1330,Cash,Delivered
26,51,14,259,2025-01-18,675,UPI,Cancelled
27,184,65,742,2025-01-18,535,Cash,Delivered
28,167,123,873,2025-01-19,680,Card,Out for Delivery
29,180,30,673,2025-01-19,140,UPI,Delivered
30,140,17,988,2025-01-19,1435,Cash,Delivered
31,108,103,929,2025-01-20,910,Net Banking,Pending
32,57,126,618,2025-01-20,1175,Wallet,Delivered
33,115,19,895,2025-01-20,900,Card,Delivered
34,151,148,154,2025-01-20,150,UPI,Cancelled
35,72,162,342,2025-01-20,1295,Wallet,Delivered
36,2,176,84,2025-01-21,1010,Card,Delivered
37,195,14,597,2025-01-24,250,Cash,Out for Delivery
38,41,39,680,2025-01-25,610,UPI,Pending
39,179,39,145,2025-01-25,545,Card,Delivered
40,109,145,939,2025-01-26,220,Card,Delivered
41,88,78,359,2025-01-26,1150,Card,Delivered
42,72,22,318,2025-01-26,1265,Wallet,Cancelled
43,40,64,991,2025-01-27,435,Card,Delivered
44,56,31,672,2025-01-27,320,UPI,Delivered
45,196,143,716,2025-01-27,800,UPI,Delivered
46,87,196,679,2025-01-28,485,UPI,Delivered
47,27,107,402,2025-01-28,1075,UPI,Delivered
48,24,156,133,2025-01-29,865,Cash,Delivered
49,98,153,610,2025-01-29,295,Net Banking,Delivered
50,25,159,726,2025-01-29,125,Net Banking,Cancelled
51,92,58,961,2025-01-29,260,Card,Delivered
52,89,199,87,2025-01-30,710,Cash,Delivered
53,155,134,318,2025-01-30,640,Card,Out for Delivery
54,68,98,573,2025-01-30,1025,Wallet,Delivered
55,12,116,386,2025-01-30,805,Card,Delivered
56,187,114,659,2025-01-31,535,Cash,Delivered
57,118,77,811,2025-01-31,915,UPI,Out for Delivery
58,138,151,337,2025-01-31,1295,UPI,Pending
59,32,110,833,2025-01-31,1450,Cash,Cancelled
60,97,79,131,2025-01-31,1160,Card,Delivered
61,21,146,687,2025-01-31,815,Card,Cancelled
62,142,159,720,2025-01-31,720,UPI,Delivered
63,76,16,849,2025-02-01,1345,UPI,Out for Delivery
64,161,157,970,2025-02-01,1115,Cash,Delivered
65,159,190,757,2025-02-02,885,Card,Delivered
66,93,26,702,2025-02-02,705,UPI,Delivered
67,148,196,935,2025-02-02,945,UPI,Delivered
68,50,54,540,2025-02-03,915,UPI,Delivered
69,181,161,96,2025-02-03,1100,Cash,Cancelled
70,18,55,662,2025-02-04,550,UPI,Delivered
71,12,68,687,2025-02-05,295,Net Banking,Delivered
72,170,170,434,2025-02-05,335,UPI,Delivered
73,59,21,521,2025-02-06,685,UPI,Delivered
74,198,41,371,2025-02-06,520,UPI,Delivered
75,75,62,19,2025-02-06,1065,Cash,Delivered
76,21,45,372,2025-02-06,795,UPI,Cancelled
77,60,142,317,2025-02-07,370,Cash,Cancelled
78,26,20,185,2025-02-07,1380,UPI,Delivered
79,98,41,974,2025-02-07,275,Card,Delivered
80,72,1,220,2025-02-07,420,UPI,Delivered
81,117,105,350,2025-02-07,800,Wallet,Delivered
82,163,116,971,2025-02-08,215,Wallet,Delivered
83,94,177,785,2025-02-09,315,Cash,Pending
84,42,153,498,2025-02-10,1215,Card,Delivered
85,95,121,197,2025-02-11,1295,Cash,Delivered
86,91,75,232,2025-02-11,315,Card,Delivered
87,54,9,141,2025-02-11,700,UPI,Delivered
88,172,60,159,2025-02-12,915,UPI,Delivered
89,69,74,80,2025-02-12,680,Card,Delivered
90,180,181,303,2025-02-13,630,Card,Delivered
91,175,73,865,2025-02-13,920,UPI,Out for Delivery
92,166,180,808,2025-02-13,1110,Cash,Delivered
93,19,117,104,2025-02-13,1370,UPI,Delivered
94,156,19,520,2025-02-13,1400,Card,Delivered
95,163,176,790,2025-02-14,825,Card,Delivered
96,44,60,553,2025-02-14,780,Cash,Delivered
97,137,68,856,2025-02-14,870,UPI,Delivered
98,187,161,757,2025-02-14,635,Net Banking,Delivered
99,63,151,905,2025-02-15,770,Cash,Delivered
100,42,170,540,2025-02-16,835,Card,Delivered
101,119,51,39,2025-02-16,115,Cash,Delivered
102,98,109,678,2025-02-16,1185,Net Banking,Delivered
103,70,30,345,2025-02-17,1370,Card,Delivered
104,164,140,898,2025-02-17,200,UPI,Delivered
105,177,58,785,2025-02-18,415,Card,Delivered
106,143,166,633,2025-02-18,1035,UPI,Delivered
107,57,39,135,2025-02-18,1240,UPI,Delivered
108,176,69,612,2025-02-18,225,Cash,Delivered
109,84,37,386,2025-02-19,875,UPI,Out for Delivery
110,197,19,158,2025-02-19,1180,Card,Out for Delivery
111,199,16,167,2025-02-19,1355,Net Banking,Cancelled
112,15,43,186,2025-02-20,850,Card,Delivered
113,59,79,852,2025-02-20,895,UPI,Delivered
114,9,153,710,2025-02-21,1400,UPI,Delivered
115,81,192,790,2025-02-21,255,Card,Delivered
116,103,146,640,2025-02-21,715,UPI,Delivered
117,69,74,829,2025-02-22,965,Cash,Delivered
118,17,113,925,2025-02-22,1025,Card,Delivered
119,55,32,170,2025-02-22,425,Card,Delivered
120,146,120,739,2025-02-23,470,Cash,Delivered
121,184,177,449,2025-02-23,760,UPI,Cancelled
122,81,78,45,2025-02-23,850,UPI,Delivered
123,55,180,421,2025-02-24,1060,Card,Pending
124,168,104,374,2025-02-24,440,UPI,Delivered
125,128,70,693,2025-02-24,160,Card,Delivered
126,102,129,737,2025-02-25,100,Card,Delivered
127,165,139,244,2025-02-25,725,Card,Out for Delivery
128,118,127,993,2025-02-26,1005,Card,Delivered
129,37,113,455,2025-02-26,675,Cash,Delivered
130,68,21,626,2025-02-26,790,Net Banking,Out for Delivery
131,36,154,292,2025-02-26,305,UPI,Cancelled
132,64,11,771,2025-02-26,720,Net Banking,Delivered
133,191,111,767,2025-02-27,485,Card,Delivered
134,144,189,803,2025-02-27,1255,Card,Out for Delivery
135,138,83,460,2025-02-27,115,Net Banking,Delivered
136,68,155,240,2025-02-28,260,UPI,Delivered
137,192,65,547,2025-02-28,240,Cash,Delivered
138,150,7,245,2025-02-28,430,Cash,Delivered
139,110,24,317,2025-03-01,535,Cash,Pending
140,150,59,989,2025-03-02,1420,UPI,Pending
141,103,173,829,2025-03-02,1405,Card,Cancelled
142,93,148,804,2025-03-02,910,UPI,Delivered
143,57,151,481,2025-03-03,1485,UPI,Out for Delivery
144,36,6,926,2025-03-03,520,Card,Cancelled
145,131,196,856,2025-03-03,1015,Card,Delivered
146,127,173,199,2025-03-04,825,UPI,Pending
147,24,69,377,2025-03-04,1190,Net Banking,Cancelled
148,194,148,695,2025-03-04,570,Cash,Delivered
149,13,11,970,2025-03-05,1250,Card,Delivered
150,29,196,585,2025-03-05,820,UPI,Delivered
151,40,194,452,2025-03-05,845,Card,Delivered
152,161,45,473,2025-03-05,1210,UPI,Out for Delivery
153,41,121,788,2025-03-06,155,Wallet,Cancelled
154,175,133,289,2025-03-06,310,UPI,Cancelled
155,109,167,797,2025-03-07,145,UPI,Cancelled
156,153,114,392,2025-03-07,1025,Wallet,Delivered
157,17,72,515,2025-03-07,1360,Card,Delivered
158,99,47,541,2025-03-07,265,Cash,Delivered
159,98,150,429,2025-03-08,1125,Card,Delivered
160,153,112,990,2025-03-08,1325,UPI,Delivered
161,120,163,166,2025-03-08,925,Cash,Pending
162,136,126,837,2025-03-09,1290,Card,Delivered
163,65,24,205,2025-03-09,665,Cash,Out for Delivery
164,142,121,821,2025-03-10,445,Wallet,Delivered
165,3,90,620,2025-03-10,850,Cash,Delivered
166,175,105,142,2025-03-11,130,Card,Delivered
167,185,86,894,2025-03-11,1120,Cash,Delivered
168,30,83,257,2025-03-11,1310,Card,Delivered
169,175,172,54,2025-03-12,1045,UPI,Pending
170,138,27,657,2025-03-12,300,UPI,Delivered
171,193,42,493,2025-03-13,100,Wallet,Delivered
172,69,85,896,2025-03-13,1065,Wallet,Delivered
173,197,106,381,2025-03-14,250,UPI,Delivered
174,165,178,568,2025-03-14,730,UPI,Delivered
175,88,127,957,2025-03-14,880,Wallet,Delivered
176,29,74,106,2025-03-15,1225,Card,Pending
177,76,170,729,2025-03-15,1060,UPI,Delivered
178,112,103,867,2025-03-15,595,Cash,Delivered
179,41,195,529,2025-03-15,150,UPI,Cancelled
180,117,141,872,2025-03-16,625,Card,Delivered
181,1,10,128,2025-03-16,995,UPI,Delivered
182,185,117,292,2025-03-16,530,UPI,Delivered
183,185,23,86,2025-03-16,490,Card,Delivered
184,68,81,782,2025-03-17,450,Card,Pending
185,129,65,165,2025-03-18,1235,UPI,Delivered
186,196,83,280,2025-03-18,880,UPI,Out for Delivery
187,46,30,461,2025-03-18,675,Card,Cancelled
188,130,198,928,2025-03-18,1420,Net Banking,Delivered
189,28,104,526,2025-03-18,910,Card,Delivered
190,161,132,151,2025-03-18,175,UPI,Delivered
191,77,1,851,2025-03-20,1170,Card,Pending
192,164,169,448,2025-03-20,240,Net Banking,Delivered
193,130,139,94,2025-03-20,1410,UPI,Delivered
194,156,119,970,2025-03-20,840,Cash,Delivered
195,51,106,933,2025-03-20,1135,UPI,Delivered
196,40,14,228,2025-03-20,890,UPI,Cancelled
197,96,49,837,2025-03-21,495,Net Banking,Out for Delivery
198,196,133,462,2025-03-22,1495,UPI,Delivered
199,42,93,906,2025-03-22,975,Card,Delivered
200,139,160,358,2025-03-22,1175,UPI,Cancelled
201,200,194,953,2025-03-22,850,Net Banking,Delivered
202,136,128,28,2025-03-22,1190,UPI,Delivered
203,1,161,425,2025-03-22,1420,UPI,Delivered
204,154,114,55,2025-03-23,1365,UPI,Delivered
205,83,195,406,2025-03-23,320,Cash,Delivered
206,126,14,515,2025-03-23,1095,Cash,Delivered
207,5,53,383,2025-03-23,205,Card,Delivered
208,29,69,242,2025-03-24,1085,Card,Cancelled
209,93,141,396,2025-03-25,525,Net Banking,Delivered
210,79,34,84,2025-03-25,220,Cash,Delivered
211,62,74,384,2025-03-25,1110,UPI,Cancelled
212,15,113,230,2025-03-25,470,Card,Delivered
213,62,179,29,2025-03-26,220,Cash,Cancelled
214,146,125,327,2025-03-26,450,UPI,Cancelled
215,21,32,954,2025-03-27,1150,UPI,Delivered
216,22,8,102,2025-03-27,1245,Card,Delivered
217,188,162,860,2025-03-27,1360,UPI,Pending
218,125,156,732,2025-03-27,795,UPI,Delivered
219,18,62,666,2025-03-28,345,UPI,Pending
220,195,182,344,2025-03-28,555,Net Banking,Delivered
221,137,41,811,2025-03-29,250,UPI,Delivered
222,197,80,150,2025-03-29,750,Net Banking,Delivered
223,33,142,141,2025-03-30,1390,Cash,Delivered
224,33,4,40,2025-03-30,1110,Net Banking,Delivered
225,169,142,294,2025-03-30,950,UPI,Delivered
226,122,105,940,2025-03-30,1435,Card,Pending
227,141,24,850,2025-03-30,1030,Cash,Delivered
228,43,58,484,2025-03-30,910,UPI,Delivered
229,68,30,713,2025-03-31,180,UPI,Delivered
230,136,119,852,2025-03-31,390,UPI,Cancelled
231,156,31,143,2025-03-31,1205,Card,Delivered
232,109,166,778,2025-04-01,805,UPI,Cancelled
233,55,40,723,2025-04-01,425,UPI,Pending
234,139,128,481,2025-04-01,955,Cash,Cancelled
235,194,184,460,2025-04-01,850,UPI,Delivered
236,187,75,631,2025-04-01,900,Cash,Delivered
237,177,131,6,2025-04-02,1005,Card,Out for Delivery
238,52,181,928,2025-04-02,110,UPI,Cancelled
239,183,70,82,2025-04-02,1070,UPI,Out for Delivery
240,80,107,20,2025-04-02,860,Cash,Delivered
241,103,124,263,2025-04-04,320,Cash,Delivered
242,172,121,221,2025-04-05,415,Cash,Cancelled
243,167,63,856,2025-04-06,280,Wallet,Delivered
244,96,117,154,2025-04-06,845,Card,Delivered
245,113,142,562,2025-04-06,860,Cash,Delivered
246,133,38,963,2025-04-07,775,UPI,Cancelled
247,116,99,745,2025-04-07,175,Cash,Cancelled
248,31,49,624,2025-04-07,945,UPI,Cancelled
249,64,154,541,2025-04-07,1425,Cash,Delivered
250,58,131,434,2025-04-07,825,Cash,Delivered
251,17,192,114,2025-04-07,765,Net Banking,Delivered
252,87,35,795,2025-04-07,470,Cash,Pending
253,6,18,296,2025-04-08,640,Card,Delivered
254,151,71,244,2025-04-08,1195,UPI,Delivered
255,142,198,309,2025-04-08,980,UPI,Delivered
256,59,107,125,2025-04-08,345,UPI,Delivered
257,151,88,49,2025-04-08,445,Cash,Pending
258,57,130,245,2025-04-09,385,Card,Cancelled
259,2,69,430,2025-04-10,710,UPI,Out for Delivery
260,19,1,655,2025-04-10,440,UPI,Delivered
261,182,73,813,2025-04-11,1170,UPI,Delivered
262,162,186,638,2025-04-11,860,Card,Delivered
263,16,77,469,2025-04-11,765,UPI,Cancelled
264,59,151,65,2025-04-11,210,Cash,Cancelled
265,18,149,114,2025-04-11,750,UPI,Delivered
266,9,169,857,2025-04-12,1390,UPI,Out for Delivery
267,85,126,927,2025-04-13,1200,UPI,Delivered
268,19,39,512,2025-04-13,1305,Cash,Delivered
269,132,115,612,2025-04-14,1090,UPI,Pending
270,61,138,549,2025-04-15,1485,Card,Cancelled
271,72,124,17,2025-04-15,420,Net Banking,Out for Delivery
272,172,89,648,2025-04-15,805,Card,Delivered
273,125,86,528,2025-04-16,340,Card,Delivered
274,55,142,589,2025-04-17,775,Card,Pending
275,139,196,248,2025-04-17,365,Cash,Cancelled
276,34,140,736,2025-04-17,600,Cash,Delivered
277,186,97,148,2025-04-18,335,UPI,Delivered
278,147,117,299,2025-04-18,750,Card,Delivered
279,148,83,440,2025-04-18,1475,UPI,Delivered
280,122,49,2,2025-04-18,1205,Wallet,Delivered
281,63,179,630,2025-04-19,1315,Cash,Delivered
282,122,62,362,2025-04-19,100,Wallet,Delivered
283,105,147,247,2025-04-19,1170,Card,Delivered
284,49,99,585,2025-04-19,265,Wallet,Pending
285,25,60,427,2025-04-20,1150,Card,Out for Delivery
286,25,199,192,2025-04-20,695,UPI,Cancelled
287,169,106,681,2025-04-21,885,Card,Pending
288,111,12,685,2025-04-21,140,UPI,Delivered
289,91,82,88,2025-04-21,695,Cash,Delivered
290,109,191,537,2025-04-22,180,UPI,Out for Delivery
291,106,122,999,2025-04-22,190,Card,Delivered
292,120,181,370,2025-04-22,340,Card,Delivered
293,187,98,70,2025-04-22,595,Wallet,Cancelled
294,14,99,977,2025-04-23,1415,Card,Delivered
295,173,170,539,2025-04-23,485,Cash,Delivered
296,168,167,558,2025-04-23,1220,Card,Delivered
297,166,39,520,2025-04-24,820,UPI,Delivered
298,26,127,806,2025-04-24,1305,Cash,Cancelled
299,16,10,520,2025-04-24,1230,Wallet,Delivered
300,104,33,568,2025-04-25,305,Card,Cancelled
301,187,129,21,2025-04-25,1305,UPI,Delivered
302,87,152,400,2025-04-25,795,Wallet,Delivered
303,28,85,895,2025-04-25,395,Cash,Delivered
304,64,26,482,2025-04-25,885,UPI,Cancelled
305,50,113,45,2025-04-25,740,Card,Pending
306,49,26,651,2025-04-26,660,Card,Pending
307,138,135,397,2025-04-26,305,Card,Delivered
308,115,117,383,2025-04-26,1440,UPI,Delivered
309,36,4,260,2025-04-26,1455,Cash,Pending
310,109,185,766,2025-04-26,1425,Cash,Out for Delivery
311,47,37,17,2025-04-26,765,Cash,Delivered
312,72,105,366,2025-04-26,1485,Card,Cancelled
313,119,168,808,2025-04-28,695,UPI,Out for Delivery
314,64,40,70,2025-04-28,1415,Net Banking,Pending
315,20,20,354,2025-04-28,680,UPI,Delivered
316,114,121,247,2025-04-29,370,Cash,Cancelled
317,141,68,751,2025-04-29,705,UPI,Delivered
318,26,87,673,2025-04-29,1460,Card,Delivered
319,13,160,644,2025-04-29,830,Card,Delivered
320,167,178,107,2025-04-30,435,Cash,Delivered
321,139,102,791,2025-04-30,1285,Cash,Delivered
322,4,167,596,2025-04-30,215,Wallet,Cancelled
323,24,21,753,2025-04-30,395,Card,Delivered
324,193,85,775,2025-05-01,710,Card,Delivered
325,61,173,341,2025-05-01,885,Cash,Delivered
326,43,137,137,2025-05-01,565,Card,Cancelled
327,105,98,46,2025-05-01,705,Cash,Cancelled
328,125,82,361,2025-05-01,590,UPI,Delivered
329,124,161,560,2025-05-01,825,UPI,Delivered
330,55,184,347,2025-05-01,240,Cash,Pending
331,103,195,834,2025-05-02,620,UPI,Cancelled
332,16,125,659,2025-05-02,810,Card,Delivered
333,43,139,180,2025-05-02,685,Cash,Delivered
334,98,10,851,2025-05-02,705,Cash,Delivered
335,1,159,798,2025-05-03,1475,Card,Delivered
336,100,18,702,2025-05-03,1340,UPI,Delivered
337,68,61,476,2025-05-04,1385,Cash,Cancelled
338,117,162,713,2025-05-04,740,UPI,Pending
339,74,176,491,2025-05-04,1205,Card,Delivered
340,109,74,647,2025-05-04,270,UPI,Delivered
341,179,59,187,2025-05-05,255,UPI,Delivered
342,188,192,831,2025-05-05,630,UPI,Delivered
343,143,24,139,2025-05-06,675,Card,Cancelled
344,170,112,65,2025-05-06,980,Wallet,Delivered
345,184,26,734,2025-05-06,445,Wallet,Cancelled
346,125,195,795,2025-05-06,235,UPI,Delivered
347,40,163,967,2025-05-07,805,Card,Delivered
348,49,181,469,2025-05-07,105,Cash,Out for Delivery
349,76,26,38,2025-05-07,110,Cash,Pending
350,56,114,301,2025-05-08,390,Card,Delivered
351,15,43,207,2025-05-08,210,UPI,Delivered
352,149,178,45,2025-05-08,705,Cash,Pending
353,189,77,811,2025-05-09,1180,Card,Pending
354,139,8,205,2025-05-09,1160,Card,Cancelled
355,16,12,908,2025-05-09,975,UPI,Delivered
356,192,84,43,2025-05-09,740,UPI,Delivered
357,81,15,324,2025-05-11,1155,Net Banking,Pending
358,15,76,956,2025-05-12,715,UPI,Delivered
359,13,92,318,2025-05-12,915,UPI,Pending
360,150,96,528,2025-05-12,1370,UPI,Cancelled
361,123,111,408,2025-05-12,700,Cash,Delivered
362,129,38,835,2025-05-13,525,Cash,Cancelled
363,136,63,557,2025-05-13,630,Cash,Delivered
364,41,136,485,2025-05-13,1465,UPI,Delivered
365,15,106,260,2025-05-13,1350,Cash,Cancelled
366,131,145,38,2025-05-14,230,Wallet,Delivered
367,21,175,772,2025-05-14,280,Cash,Cancelled
368,48,47,663,2025-05-15,935,Wallet,Delivered
369,18,44,196,2025-05-15,530,Cash,Pending
370,153,45,293,2025-05-16,745,Net Banking,Delivered
371,18,21,366,2025-05-16,1285,Net Banking,Out for Delivery
372,173,157,883,2025-05-16,210,UPI,Delivered
373,61,98,800,2025-05-16,135,Cash,Delivered
374,104,159,49,2025-05-16,1270,Card,Delivered
375,31,175,887,2025-05-16,250,UPI,Delivered
376,146,62,672,2025-05-17,455,Cash,Delivered
377,64,128,340,2025-05-18,945,Card,Delivered
378,149,150,280,2025-05-18,625,Card,Delivered
379,153,37,128,2025-05-19,1160,Card,Delivered
380,11,60,819,2025-05-19,810,UPI,Out for Delivery
381,159,119,377,2025-05-20,850,Net Banking,Pending
382,21,164,448,2025-05-20,750,UPI,Delivered
383,108,66,911,2025-05-21,1215,Card,Cancelled
384,169,118,410,2025-05-21,340,Net Banking,Delivered
385,150,66,762,2025-05-21,240,Card,Pending
386,145,171,451,2025-05-21,245,Card,Delivered
387,134,3,917,2025-05-21,245,Card,Delivered
388,81,120,980,2025-05-21,630,UPI,Out for Delivery
389,67,74,396,2025-05-22,1190,Wallet,Delivered
390,53,174,348,2025-05-22,665,Cash,Delivered
391,172,140,998,2025-05-23,1185,Card,Delivered
392,184,41,192,2025-05-24,1030,UPI,Out for Delivery
393,81,19,509,2025-05-25,865,Cash,Delivered
394,62,114,709,2025-05-25,900,UPI,Pending
395,68,89,510,2025-05-25,1445,Cash,Pending
396,102,151,377,2025-05-25,1010,Card,Delivered
397,34,77,947,2025-05-26,310,UPI,Delivered
398,172,164,817,2025-05-26,1200,Card,Delivered
399,166,109,532,2025-05-27,445,Cash,Pending
400,77,177,274,2025-05-27,1380,UPI,Delivered
401,118,65,821,2025-05-28,1350,UPI,Delivered
402,81,117,85,2025-05-28,730,Card,Delivered
403,193,78,745,2025-05-28,1260,Card,Pending
404,19,51,435,2025-05-28,685,Net Banking,Delivered
405,3,99,81,2025-05-28,990,UPI,Delivered
406,118,124,441,2025-05-29,995,UPI,Delivered
407,160,28,617,2025-05-29,1250,UPI,Delivered
408,145,61,843,2025-05-29,360,Card,Pending
409,26,98,185,2025-05-29,210,Card,Delivered
410,19,147,559,2025-05-29,450,Cash,Delivered
411,138,92,301,2025-05-29,1385,UPI,Delivered
412,55,148,329,2025-05-30,355,UPI,Delivered
413,130,76,106,2025-05-30,370,UPI,Cancelled
414,68,180,82,2025-05-30,1135,UPI,Delivered
415,34,76,336,2025-05-31,935,Net Banking,Delivered
416,90,6,677,2025-05-31,995,UPI,Delivered
417,18,169,303,2025-05-31,740,Cash,Pending
418,63,102,314,2025-06-01,1085,Card,Cancelled
419,95,71,457,2025-06-01,1190,Card,Cancelled
420,73,3,618,2025-06-01,570,UPI,Delivered
421,41,145,735,2025-06-02,1090,Cash,Delivered
422,113,176,437,2025-06-03,875,Cash,Delivered
423,140,200,171,2025-06-03,1000,Net Banking,Out for Delivery
424,181,191,707,2025-06-03,775,UPI,Out for Delivery
425,78,13,455,2025-06-04,1250,UPI,Delivered
426,157,156,360,2025-06-04,1100,Cash,Cancelled
427,168,191,458,2025-06-04,140,Wallet,Delivered
428,136,128,44,2025-06-05,915,Cash,Delivered
429,3,74,745,2025-06-05,375,UPI,Delivered
430,171,199,891,2025-06-05,830,Wallet,Cancelled
431,142,59,934,2025-06-05,935,Net Banking,Delivered
432,77,156,362,2025-06-05,335,Card,Delivered
433,170,91,630,2025-06-05,135,UPI,Delivered
434,27,57,446,2025-06-05,115,UPI,Delivered
435,35,163,282,2025-06-06,120,Card,Delivered
436,68,49,655,2025-06-06,510,Cash,Out for Delivery
437,30,159,811,2025-06-06,920,Card,Cancelled
438,28,65,971,2025-06-06,295,UPI,Delivered
439,191,174,59,2025-06-06,335,Wallet,Delivered
440,142,194,77,2025-06-06,875,UPI,Out for Delivery
441,40,185,688,2025-06-07,355,Card,Pending
442,70,197,653,2025-06-07,1365,Cash,Delivered
443,73,169,416,2025-06-07,1270,UPI,Pending
444,155,175,373,2025-06-08,425,Cash,Delivered
445,54,36,526,2025-06-08,915,Card,Cancelled
446,184,161,821,2025-06-08,1450,Cash,Cancelled
447,88,25,768,2025-06-08,220,UPI,Delivered
448,53,161,696,2025-06-09,1230,Wallet,Delivered
449,176,166,164,2025-06-09,1395,Cash,Delivered
450,163,11,976,2025-06-09,900,UPI,Delivered
451,68,80,32,2025-06-10,495,Net Banking,Cancelled
452,130,113,147,2025-06-10,495,Cash,Out for Delivery
453,126,9,870,2025-06-10,1040,UPI,Cancelled
454,65,149,623,2025-06-10,400,Card,Delivered
455,14,94,695,2025-06-10,220,Cash,Delivered
456,24,188,801,2025-06-10,675,UPI,Delivered
457,163,34,449,2025-06-12,425,UPI,Delivered
458,109,24,36,2025-06-12,535,UPI,Delivered
459,71,76,130,2025-06-12,140,UPI,Delivered
460,12,84,69,2025-06-12,930,UPI,Delivered
461,1,192,242,2025-06-13,595,Cash,Out for Delivery
462,86,107,798,2025-06-13,1135,UPI,Pending
463,198,45,661,2025-06-13,1420,Cash,Delivered
464,34,52,376,2025-06-13,755,UPI,Delivered
465,164,34,371,2025-06-13,255,Card,Delivered
466,68,139,393,2025-06-13,925,Card,Cancelled
467,42,94,973,2025-06-14,465,UPI,Delivered
468,190,136,581,2025-06-14,1455,UPI,Delivered
469,114,129,34,2025-06-14,570,Card,Delivered
470,142,70,620,2025-06-15,780,UPI,Delivered
471,181,43,158,2025-06-15,1020,Cash,Pending
472,110,66,696,2025-06-15,955,UPI,Delivered
473,144,124,461,2025-06-15,1045,UPI,Delivered
474,3,76,972,2025-06-15,230,Cash,Delivered
475,29,192,380,2025-06-16,465,Cash,Delivered
476,20,87,381,2025-06-17,865,Card,Delivered
477,177,30,455,2025-06-17,1165,Net Banking,Pending
478,39,120,782,2025-06-17,625,Card,Cancelled
479,140,20,79,2025-06-18,1450,Cash,Delivered
480,10,37,588,2025-06-18,250,UPI,Delivered
481,95,194,141,2025-06-18,180,UPI,Pending
482,150,58,543,2025-06-18,1230,Net Banking,Delivered
483,142,174,376,2025-06-19,220,Cash,Delivered
484,38,186,408,2025-06-19,365,UPI,Delivered
485,111,173,322,2025-06-19,740,Wallet,Delivered
486,33,102,666,2025-06-20,490,Net Banking,Cancelled
487,11,143,286,2025-06-20,1200,UPI,Delivered
488,79,94,256,2025-06-20,950,Net Banking,Delivered
489,94,24,984,2025-06-21,1125,Cash,Delivered
490,11,102,117,2025-06-21,365,Cash,Out for Delivery
491,92,4,27,2025-06-21,1420,UPI,Pending
492,54,68,754,2025-06-22,1380,Cash,Out for Delivery
493,175,138,191,2025-06-22,240,Cash,Delivered
494,64,32,512,2025-06-22,1320,Wallet,Delivered
495,171,117,531,2025-06-23,1145,Wallet,Delivered
496,27,95,397,2025-06-23,470,UPI,Delivered
497,91,173,936,2025-06-23,305,UPI,Delivered
498,200,192,576,2025-06-24,750,Card,Cancelled
499,144,173,121,2025-06-24,940,UPI,Delivered
500,105,68,269,2025-06-25,1160,Cash,Delivered
501,159,150,794,2025-06-25,955,UPI,Delivered
502,192,98,267,2025-06-25,990,Cash,Delivered
503,40,164,721,2025-06-25,865,UPI,Cancelled
504,61,96,457,2025-06-26,1435,Card,Cancelled
505,42,28,220,2025-06-27,1280,Cash,Delivered
506,46,173,627,2025-06-27,400,UPI,Delivered
507,106,60,293,2025-06-27,1045,UPI,Cancelled
508,7,121,711,2025-06-27,525,Net Banking,Cancelled
509,46,7,939,2025-06-28,755,UPI,Delivered
510,189,159,503,2025-06-29,685,Card,Delivered
511,86,144,205,2025-06-29,1430,UPI,Out for Delivery
512,106,84,126,2025-06-29,1470,Card,Pending
513,172,157,139,2025-06-29,1280,Card,Delivered
514,189,57,874,2025-06-29,620,UPI,Cancelled
515,64,166,76,2025-06-29,850,Card,Delivered
516,69,17,463,2025-07-01,915,UPI,Pending
517,41,163,177,2025-07-01,920,Card,Delivered
518,180,119,921,2025-07-01,600,UPI,Delivered
519,28,180,731,2025-07-01,565,UPI,Delivered
520,98,78,456,2025-07-02,1135,UPI,Delivered
521,10,167,90,2025-07-02,645,UPI,Delivered
522,121,105,830,2025-07-02,850,Card,Delivered
523,57,30,699,2025-07-03,745,UPI,Delivered
524,52,36,991,2025-07-03,1480,UPI,Delivered
525,118,12,866,2025-07-04,405,Cash,Cancelled
526,90,10,328,2025-07-04,520,Cash,Cancelled
527,79,78,684,2025-07-04,465,UPI,Cancelled
528,59,127,356,2025-07-04,1165,Cash,Delivered
529,58,30,727,2025-07-04,1240,UPI,Cancelled
530,7,25,67,2025-07-05,160,Net Banking,Delivered
531,169,61,564,2025-07-05,895,Net Banking,Out for Delivery
532,50,138,556,2025-07-05,1080,Cash,Cancelled
533,103,35,298,2025-07-05,405,UPI,Pending
534,85,100,913,2025-07-05,365,Card,Delivered
535,72,117,308,2025-07-05,1415,UPI,Delivered
536,18,95,872,2025-07-05,245,UPI,Out for Delivery
537,198,172,162,2025-07-06,845,Card,Cancelled
538,72,191,729,2025-07-06,1105,UPI,Delivered
539,90,179,727,2025-07-06,960,UPI,Delivered
540,165,139,950,2025-07-07,765,UPI,Delivered
541,131,108,718,2025-07-07,1240,UPI,Cancelled
542,103,151,654,2025-07-07,730,Card,Out for Delivery
543,174,191,179,2025-07-07,1270,UPI,Cancelled
544,138,187,813,2025-07-08,140,UPI,Pending
545,85,40,371,2025-07-08,275,UPI,Delivered
546,8,107,521,2025-07-08,1285,Cash,Cancelled
547,30,168,230,2025-07-08,495,Wallet,Delivered
548,67,26,125,2025-07-08,565,Net Banking,Delivered
549,46,126,206,2025-07-08,800,Card,Delivered
550,149,158,812,2025-07-09,710,Net Banking,Delivered
551,68,105,143,2025-07-09,1080,Card,Pending
552,10,72,243,2025-07-10,1305,UPI,Delivered
553,28,9,810,2025-07-10,1185,Cash,Pending
554,153,177,506,2025-07-13,1475,Cash,Cancelled
555,112,95,27,2025-07-14,455,Card,Cancelled
556,89,56,370,2025-07-14,195,UPI,Cancelled
557,187,114,568,2025-07-14,1205,Card,Delivered
558,81,114,587,2025-07-15,130,Cash,Delivered
559,112,61,378,2025-07-15,1200,Card,Out for Delivery
560,156,93,479,2025-07-15,1470,Cash,Pending
561,131,26,823,2025-07-15,1360,Card,Delivered
562,30,176,565,2025-07-15,140,Wallet,Cancelled
563,99,95,133,2025-07-15,1010,Cash,Delivered
564,148,140,627,2025-07-15,655,UPI,Delivered
565,49,166,906,2025-07-16,815,Net Banking,Delivered
566,66,92,89,2025-07-17,350,UPI,Pending
567,12,16,68,2025-07-17,1430,Cash,Cancelled
568,182,102,317,2025-07-18,1100,Cash,Delivered
569,112,71,408,2025-07-19,835,UPI,Delivered
570,1,49,735,2025-07-19,1480,UPI,Cancelled
571,134,32,737,2025-07-19,570,Cash,Delivered
572,138,117,491,2025-07-19,1465,UPI,Pending
573,176,24,539,2025-07-20,455,Card,Delivered
574,185,170,421,2025-07-20,720,UPI,Cancelled
575,190,55,788,2025-07-20,360,Card,Delivered
576,189,165,420,2025-07-20,670,UPI,Delivered
577,172,164,844,2025-07-21,885,Card,Cancelled
578,51,153,589,2025-07-22,775,Cash,Delivered
579,94,6,76,2025-07-22,1470,Cash,Pending
580,111,13,129,2025-07-23,790,Net Banking,Delivered
581,18,86,996,2025-07-23,635,UPI,Delivered
582,171,63,325,2025-07-23,570,UPI,Delivered
583,85,33,658,2025-07-24,1160,Cash,Delivered
584,160,145,76,2025-07-25,1185,Cash,Delivered
585,81,53,461,2025-07-25,1035,Cash,Delivered
586,170,18,478,2025-07-25,350,Card,Delivered
587,32,196,697,2025-07-25,415,Cash,Out for Delivery
588,185,142,530,2025-07-25,1175,UPI,Out for Delivery
589,77,54,353,2025-07-27,150,UPI,Pending
590,130,151,132,2025-07-28,740,Card,Delivered
591,80,56,900,2025-07-29,365,Net Banking,Delivered
592,171,60,849,2025-07-29,1280,UPI,Pending
593,105,85,799,2025-07-30,1340,Card,Out for Delivery
594,84,199,565,2025-07-30,785,Cash,Delivered
595,104,38,656,2025-07-30,405,Card,Delivered
596,179,153,602,2025-07-30,1200,Card,Delivered
597,76,1,187,2025-07-31,170,UPI,Pending
598,142,71,787,2025-07-31,290,Cash,Cancelled
599,33,38,990,2025-08-01,935,Net Banking,Delivered
600,50,34,133,2025-08-02,1295,Net Banking,Cancelled
601,108,139,444,2025-08-02,605,Card,Delivered
602,171,65,515,2025-08-02,920,Cash,Out for Delivery
603,98,45,933,2025-08-03,110,UPI,Delivered
604,174,29,890,2025-08-04,1420,UPI,Delivered
605,192,170,57,2025-08-04,1360,UPI,Delivered
606,45,7,852,2025-08-05,735,Cash,Delivered
607,158,34,128,2025-08-05,810,UPI,Delivered
608,146,4,531,2025-08-05,695,Card,Delivered
609,78,92,157,2025-08-06,490,Card,Delivered
610,104,61,312,2025-08-06,140,UPI,Delivered
611,141,151,169,2025-08-06,500,Cash,Delivered
612,1,83,166,2025-08-07,355,UPI,Delivered
613,78,5,331,2025-08-07,1350,Card,Out for Delivery
614,74,45,958,2025-08-07,130,UPI,Out for Delivery
615,54,68,727,2025-08-09,635,Wallet,Delivered
616,111,14,231,2025-08-09,130,Net Banking,Delivered
617,149,33,355,2025-08-10,315,UPI,Delivered
618,156,190,971,2025-08-10,300,UPI,Delivered
619,168,108,964,2025-08-10,1035,Card,Delivered
620,83,135,532,2025-08-10,690,Net Banking,Delivered
621,120,30,917,2025-08-10,1365,Wallet,Delivered
622,114,191,291,2025-08-10,990,Cash,Pending
623,114,17,867,2025-08-11,575,Card,Pending
624,173,122,81,2025-08-11,585,Cash,Pending
625,55,115,257,2025-08-11,485,Wallet,Delivered
626,131,200,202,2025-08-13,1355,Card,Cancelled
627,122,93,651,2025-08-13,160,Card,Delivered
628,189,132,980,2025-08-14,1190,UPI,Out for Delivery
629,44,152,565,2025-08-14,295,Cash,Delivered
630,169,28,282,2025-08-14,275,UPI,Delivered
631,22,116,129,2025-08-15,1395,UPI,Delivered
632,73,129,641,2025-08-15,1075,Wallet,Delivered
633,132,57,311,2025-08-15,800,UPI,Out for Delivery
634,170,158,630,2025-08-16,565,Net Banking,Delivered
635,163,12,547,2025-08-17,1145,Card,Delivered
636,159,187,96,2025-08-17,1040,UPI,Delivered
637,86,169,515,2025-08-17,420,Card,Delivered
638,24,134,657,2025-08-17,475,Wallet,Out for Delivery
639,193,78,173,2025-08-17,545,Card,Out for Delivery
640,61,118,607,2025-08-17,395,Net Banking,Delivered
641,173,165,965,2025-08-18,405,UPI,Delivered
642,80,8,595,2025-08-18,685,UPI,Delivered
643,58,16,158,2025-08-18,245,UPI,Pending
644,51,123,176,2025-08-18,805,Wallet,Delivered
645,38,103,675,2025-08-18,1230,Wallet,Out for Delivery
646,7,110,640,2025-08-18,1080,Cash,Out for Delivery
647,12,176,738,2025-08-19,1305,Card,Cancelled
648,63,28,924,2025-08-19,485,UPI,Delivered
649,122,126,620,2025-08-19,695,Cash,Delivered
650,157,183,346,2025-08-19,1185,UPI,Delivered
651,197,114,863,2025-08-19,855,Cash,Delivered
652,19,19,947,2025-08-20,1180,Card,Delivered
653,117,21,578,2025-08-21,485,Card,Delivered
654,107,83,43,2025-08-21,675,Net Banking,Pending
655,162,156,846,2025-08-21,155,Cash,Pending
656,148,38,885,2025-08-22,395,UPI,Delivered
657,50,17,30,2025-08-23,450,UPI,Delivered
658,184,33,84,2025-08-23,1420,Card,Delivered
659,179,71,47,2025-08-24,1490,Net Banking,Delivered
660,99,160,972,2025-08-24,1290,Card,Delivered
661,127,163,657,2025-08-24,1285,UPI,Delivered
662,103,150,790,2025-08-24,540,UPI,Delivered
663,63,141,591,2025-08-24,1310,Cash,Out for Delivery
664,38,183,272,2025-08-24,565,Card,Delivered
665,168,84,667,2025-08-25,520,UPI,Pending
666,177,98,216,2025-08-25,1335,Net Banking,Delivered
667,2,153,786,2025-08-25,865,UPI,Delivered
668,193,136,586,2025-08-25,705,UPI,Delivered
669,198,76,427,2025-08-25,1325,Cash,Delivered
670,28,117,633,2025-08-25,395,UPI,Delivered
671,200,130,655,2025-08-25,805,Card,Cancelled
672,109,155,32,2025-08-26,250,UPI,Delivered
673,57,111,510,2025-08-26,460,UPI,Delivered
674,46,26,911,2025-08-26,565,Card,Cancelled
675,179,180,643,2025-08-27,615,Card,Delivered
676,133,30,559,2025-08-27,350,Card,Delivered
677,119,168,297,2025-08-27,1115,Card,Delivered
678,13,167,658,2025-08-28,1280,Wallet,Delivered
679,143,197,980,2025-08-28,365,Cash,Delivered
680,64,142,310,2025-08-28,195,Cash,Delivered
681,32,185,495,2025-08-29,215,Wallet,Delivered
682,117,56,251,2025-08-29,1285,UPI,Delivered
683,35,111,825,2025-08-30,1285,Net Banking,Delivered
684,119,116,827,2025-08-30,850,Cash,Delivered
685,171,59,702,2025-08-30,1330,Card,Delivered
686,136,106,416,2025-08-30,1325,Card,Delivered
687,144,87,305,2025-08-31,340,Card,Delivered
688,153,117,465,2025-08-31,800,Card,Delivered
689,82,103,75,2025-09-01,320,UPI,Delivered
690,194,107,706,2025-09-02,1060,Net Banking,Delivered
691,114,187,62,2025-09-02,1065,UPI,Delivered
692,157,25,162,2025-09-02,1485,Card,Pending
693,185,81,451,2025-09-02,310,Card,Delivered
694,130,110,426,2025-09-03,1185,Card,Delivered
695,110,81,496,2025-09-04,475,Card,Delivered
696,141,171,476,2025-09-04,395,UPI,Cancelled
697,115,66,209,2025-09-05,1250,Wallet,Pending
698,41,96,349,2025-09-05,220,UPI,Delivered
699,191,40,622,2025-09-05,605,Cash,Out for Delivery
700,122,176,148,2025-09-06,535,Card,Cancelled
701,116,122,321,2025-09-06,325,UPI,Delivered
702,67,18,883,2025-09-06,1375,Card,Delivered
703,193,24,736,2025-09-06,335,UPI,Pending
704,64,22,327,2025-09-07,395,UPI,Delivered
705,164,24,752,2025-09-07,550,Card,Delivered
706,71,111,882,2025-09-07,360,Wallet,Delivered
707,197,25,354,2025-09-08,675,UPI,Cancelled
708,200,191,999,2025-09-08,1365,Cash,Delivered
709,134,190,409,2025-09-10,670,Card,Delivered
710,125,96,134,2025-09-10,830,Card,Delivered
711,161,34,779,2025-09-10,1490,UPI,Delivered
712,62,143,380,2025-09-10,815,Net Banking,Pending
713,71,16,528,2025-09-10,1270,Wallet,Cancelled
714,113,151,576,2025-09-11,535,Wallet,Delivered
715,20,144,109,2025-09-12,1275,Net Banking,Pending
716,183,144,327,2025-09-12,505,Card,Delivered
717,74,85,248,2025-09-12,1365,Wallet,Out for Delivery
718,61,172,478,2025-09-13,315,Card,Delivered
719,70,32,126,2025-09-13,170,Card,Delivered
720,86,106,274,2025-09-13,405,Cash,Cancelled
721,82,91,461,2025-09-13,1085,UPI,Delivered
722,139,171,254,2025-09-14,1350,Cash,Cancelled
723,21,193,145,2025-09-14,760,UPI,Cancelled
724,36,109,100,2025-09-14,580,Card,Delivered
725,39,185,52,2025-09-15,625,Net Banking,Delivered
726,60,14,298,2025-09-15,565,UPI,Delivered
727,99,74,969,2025-09-16,1055,UPI,Pending
728,178,154,394,2025-09-17,795,Wallet,Delivered
729,40,80,885,2025-09-17,140,UPI,Delivered
730,181,91,631,2025-09-17,795,Card,Out for Delivery
731,55,27,429,2025-09-17,1295,Cash,Cancelled
732,17,148,255,2025-09-17,1325,Card,Delivered
733,107,130,986,2025-09-17,1000,Card,Delivered
734,105,55,887,2025-09-19,245,UPI,Cancelled
735,85,40,924,2025-09-19,1210,Cash,Delivered
736,139,169,164,2025-09-19,905,UPI,Delivered
737,120,124,834,2025-09-20,485,UPI,Delivered
738,107,58,336,2025-09-20,130,Card,Delivered
739,16,28,957,2025-09-20,690,Cash,Delivered
740,53,90,592,2025-09-20,785,Net Banking,Pending
741,108,143,739,2025-09-21,1255,UPI,Delivered
742,100,95,321,2025-09-22,380,UPI,Delivered
743,198,30,195,2025-09-22,1405,Net Banking,Pending
744,150,196,782,2025-09-22,415,UPI,Pending
745,179,72,164,2025-09-22,380,Wallet,Out for Delivery
746,6,147,511,2025-09-22,555,Card,Cancelled
747,196,58,528,2025-09-23,1165,Net Banking,Cancelled
748,148,110,479,2025-09-24,290,Card,Cancelled
749,98,144,511,2025-09-25,1210,UPI,Delivered
750,123,197,901,2025-09-25,290,UPI,Delivered
751,2,160,316,2025-09-26,1315,UPI,Pending
752,91,158,510,2025-09-26,750,UPI,Pending
753,77,173,24,2025-09-27,805,Net Banking,Pending
754,193,165,93,2025-09-27,405,UPI,Delivered
755,100,143,968,2025-09-28,435,UPI,Delivered
756,108,7,403,2025-09-28,825,Cash,Pending
757,138,156,518,2025-09-29,115,UPI,Delivered
758,192,169,469,2025-09-29,375,Card,Delivered
759,189,178,990,2025-09-29,1340,UPI,Out for Delivery
760,140,69,247,2025-09-29,745,UPI,Cancelled
761,155,8,221,2025-10-01,1160,Card,Delivered
762,57,47,598,2025-10-01,1330,Cash,Delivered
763,125,70,362,2025-10-02,505,Card,Out for Delivery
764,57,180,50,2025-10-02,1195,UPI,Delivered
765,70,196,52,2025-10-02,1420,Card,Pending
766,112,80,289,2025-10-02,470,Wallet,Cancelled
767,125,87,507,2025-10-02,995,UPI,Delivered
768,8,90,612,2025-10-02,1075,UPI,Delivered
769,100,2,904,2025-10-03,550,Cash,Cancelled
770,87,47,864,2025-10-03,560,Wallet,Out for Delivery
771,172,37,670,2025-10-03,640,Card,Pending
772,174,145,689,2025-10-03,685,Cash,Delivered
773,104,169,482,2025-10-03,255,Card,Delivered
774,186,103,293,2025-10-04,700,UPI,Delivered
775,43,18,550,2025-10-04,1315,UPI,Delivered
776,120,37,9,2025-10-04,850,UPI,Delivered
777,33,190,868,2025-10-04,1315,UPI,Pending
778,160,163,111,2025-10-05,930,Wallet,Delivered
779,137,8,442,2025-10-05,1250,UPI,Delivered
780,7,24,138,2025-10-05,1230,UPI,Delivered
781,101,192,904,2025-10-05,730,UPI,Pending
782,152,136,271,2025-10-06,400,UPI,Pending
783,145,56,745,2025-10-07,1485,Cash,Delivered
784,170,97,375,2025-10-07,555,UPI,Delivered
785,7,108,783,2025-10-07,355,Card,Delivered
786,22,117,413,2025-10-08,1380,Card,Delivered
787,165,88,375,2025-10-08,1375,UPI,Delivered
788,110,41,47,2025-10-08,270,Card,Out for Delivery
789,35,95,411,2025-10-08,955,Wallet,Delivered
790,119,80,53,2025-10-09,590,Wallet,Delivered
791,47,185,584,2025-10-09,1270,UPI,Delivered
792,13,84,576,2025-10-09,880,UPI,Delivered
793,67,199,200,2025-10-09,1000,Cash,Delivered
794,98,146,372,2025-10-10,320,Cash,Delivered
795,84,153,567,2025-10-10,1230,UPI,Out for Delivery
796,55,22,296,2025-10-10,1265,Wallet,Cancelled
797,117,14,76,2025-10-11,180,UPI,Pending
798,84,40,396,2025-10-11,1015,Card,Cancelled
799,87,41,517,2025-10-11,560,Cash,Delivered
800,195,194,462,2025-10-11,240,UPI,Delivered
801,98,159,783,2025-10-11,225,Cash,Delivered
802,72,13,564,2025-10-12,260,UPI,Delivered
803,193,173,287,2025-10-13,100,UPI,Delivered
804,108,21,846,2025-10-13,115,Cash,Out for Delivery
805,65,70,639,2025-10-14,1360,UPI,Delivered
806,21,114,697,2025-10-14,500,UPI,Delivered
807,121,170,626,2025-10-15,1215,UPI,Delivered
808,5,109,122,2025-10-15,900,UPI,Cancelled
809,192,125,132,2025-10-16,780,Card,Cancelled
810,139,156,999,2025-10-16,560,UPI,Delivered
811,14,114,100,2025-10-16,985,UPI,Delivered
812,90,107,404,2025-10-16,390,Net Banking,Delivered
813,58,70,383,2025-10-17,335,Wallet,Delivered
814,167,56,814,2025-10-17,1305,Wallet,Cancelled
815,18,194,348,2025-10-18,705,UPI,Pending
816,200,132,572,2025-10-18,240,Card,Delivered
817,167,30,962,2025-10-19,995,Card,Delivered
818,11,89,375,2025-10-19,960,Cash,Delivered
819,194,111,774,2025-10-19,480,Card,Out for Delivery
820,8,29,148,2025-10-20,1480,Net Banking,Pending
821,64,73,204,2025-10-21,1485,Card,Delivered
822,52,174,617,2025-10-21,925,Net Banking,Pending
823,6,174,522,2025-10-21,1405,Net Banking,Delivered
824,160,152,412,2025-10-22,115,Card,Delivered
825,40,125,513,2025-10-22,530,Cash,Delivered
826,62,135,42,2025-10-23,505,Cash,Delivered
827,33,171,47,2025-10-23,1475,Cash,Cancelled
828,122,79,40,2025-10-24,295,Wallet,Out for Delivery
829,172,12,141,2025-10-24,1170,Card,Cancelled
830,30,57,731,2025-10-25,1345,Card,Pending
831,145,102,342,2025-10-26,460,UPI,Delivered
832,56,154,824,2025-10-26,660,UPI,Delivered
833,120,15,486,2025-10-27,290,Card,Delivered
834,180,2,532,2025-10-28,860,Cash,Delivered
835,66,53,468,2025-10-28,985,Cash,Delivered
836,197,78,153,2025-10-28,395,UPI,Delivered
837,95,55,621,2025-10-28,1330,UPI,Delivered
838,43,197,915,2025-10-28,185,UPI,Delivered
839,156,36,528,2025-10-29,1165,UPI,Delivered
840,156,196,144,2025-10-29,220,UPI,Pending
841,192,66,336,2025-10-30,485,UPI,Delivered
842,184,75,954,2025-10-30,985,Net Banking,Delivered
843,30,84,628,2025-10-31,295,UPI,Delivered
844,200,31,327,2025-10-31,1130,UPI,Delivered
845,42,2,167,2025-10-31,1170,Card,Cancelled
846,80,128,403,2025-11-01,1475,Card,Delivered
847,28,192,632,2025-11-02,1470,UPI,Delivered
848,149,111,758,2025-11-02,1315,Cash,Delivered
849,7,45,863,2025-11-02,1260,Cash,Delivered
850,80,34,307,2025-11-03,640,Card,Delivered
851,148,98,608,2025-11-04,1105,UPI,Delivered
852,174,137,345,2025-11-04,1180,UPI,Cancelled
853,97,181,520,2025-11-05,955,Card,Out for Delivery
854,102,59,849,2025-11-05,1295,Cash,Cancelled
855,184,129,522,2025-11-06,345,Card,Cancelled
856,51,144,546,2025-11-06,1485,Card,Delivered
857,20,172,502,2025-11-06,1435,UPI,Delivered
858,152,91,726,2025-11-07,820,UPI,Delivered
859,177,19,577,2025-11-07,185,UPI,Delivered
860,161,102,307,2025-11-07,445,UPI,Delivered
861,63,190,487,2025-11-07,120,Card,Delivered
862,27,11,836,2025-11-07,1260,UPI,Delivered
863,179,112,18,2025-11-08,770,UPI,Delivered
864,198,5,378,2025-11-08,690,Wallet,Delivered
865,78,118,340,2025-11-08,1490,UPI,Delivered
866,176,20,690,2025-11-09,355,UPI,Delivered
867,154,81,113,2025-11-10,935,Cash,Cancelled
868,31,148,427,2025-11-10,505,Card,Delivered
869,145,110,598,2025-11-11,1215,UPI,Cancelled
870,11,147,316,2025-11-12,465,UPI,Delivered
871,89,104,816,2025-11-12,160,UPI,Cancelled
872,137,182,921,2025-11-12,560,Net Banking,Delivered
873,110,164,743,2025-11-12,195,Card,Delivered
874,170,107,894,2025-11-12,225,Cash,Delivered
875,95,75,705,2025-11-13,505,Cash,Cancelled
876,18,30,645,2025-11-13,1455,Card,Delivered
877,130,104,28,2025-11-13,1140,UPI,Delivered
878,166,6,612,2025-11-13,915,UPI,Out for Delivery
879,88,84,486,2025-11-13,720,UPI,Delivered
880,4,44,272,2025-11-13,205,Cash,Delivered
881,108,159,991,2025-11-14,1155,UPI,Delivered
882,126,118,672,2025-11-15,425,UPI,Delivered
883,28,177,802,2025-11-15,205,UPI,Out for Delivery
884,111,93,996,2025-11-16,1500,UPI,Delivered
885,93,23,795,2025-11-16,1295,UPI,Delivered
886,163,112,593,2025-11-17,1350,UPI,Cancelled
887,118,28,592,2025-11-17,1015,Cash,Delivered
888,182,63,234,2025-11-17,185,Card,Delivered
889,40,112,739,2025-11-18,980,UPI,Delivered
890,112,151,53,2025-11-18,230,UPI,Delivered
891,46,103,598,2025-11-19,285,UPI,Delivered
892,188,135,492,2025-11-19,1175,UPI,Delivered
893,134,21,175,2025-11-20,1265,UPI,Delivered
894,167,102,537,2025-11-21,1000,Cash,Delivered
895,70,80,645,2025-11-21,945,Cash,Delivered
896,158,191,739,2025-11-21,845,Wallet,Delivered
897,138,87,635,2025-11-21,290,Cash,Delivered
898,199,57,794,2025-11-23,1065,Card,Pending
899,124,86,862,2025-11-23,770,UPI,Delivered
900,120,200,390,2025-11-23,1285,UPI,Delivered
901,112,44,152,2025-11-23,320,UPI,Delivered
902,188,20,842,2025-11-24,725,Cash,Delivered
903,152,131,698,2025-11-24,1240,Card,Delivered
904,69,163,249,2025-11-25,400,UPI,Delivered
905,83,30,33,2025-11-25,1450,Card,Delivered
906,63,136,587,2025-11-26,485,UPI,Delivered
907,23,131,971,2025-11-26,360,UPI,Delivered
908,72,50,718,2025-11-26,1150,Card,Delivered
909,116,199,113,2025-11-27,110,UPI,Delivered
910,63,90,196,2025-11-28,350,Card,Delivered
911,193,90,20,2025-11-28,305,UPI,Out for Delivery
912,119,187,452,2025-11-29,1085,UPI,Delivered
913,146,166,322,2025-11-29,1485,UPI,Delivered
914,157,38,429,2025-11-30,125,Card,Delivered
915,172,61,156,2025-11-30,175,Card,Delivered
916,98,27,423,2025-11-30,1285,UPI,Delivered
917,87,38,708,2025-11-30,1355,Wallet,Delivered
918,8,66,209,2025-12-01,1025,UPI,Pending
919,127,51,421,2025-12-02,1160,Net Banking,Delivered
920,84,45,514,2025-12-02,760,UPI,Delivered
921,47,155,794,2025-12-02,1260,UPI,Out for Delivery
922,125,40,627,2025-12-03,1220,Net Banking,Delivered
923,55,195,943,2025-12-03,1415,UPI,Delivered
924,91,195,483,2025-12-04,1315,Cash,Delivered
925,67,168,894,2025-12-04,890,Net Banking,Delivered
926,88,20,869,2025-12-05,990,UPI,Cancelled
927,72,46,754,2025-12-06,640,UPI,Delivered
928,153,198,745,2025-12-06,360,UPI,Delivered
929,180,161,64,2025-12-06,620,UPI,Delivered
930,71,127,723,2025-12-06,345,Net Banking,Cancelled
931,143,119,142,2025-12-06,810,UPI,Pending
932,3,194,532,2025-12-06,655,UPI,Out for Delivery
933,133,145,213,2025-12-06,1270,UPI,Pending
934,49,195,575,2025-12-07,545,Cash,Delivered
935,22,149,333,2025-12-07,115,Card,Delivered
936,62,115,679,2025-12-08,145,Cash,Delivered
937,185,175,490,2025-12-09,1115,Wallet,Out for Delivery
938,105,145,539,2025-12-09,1075,Card,Delivered
939,126,165,386,2025-12-09,1305,Card,Cancelled
940,143,163,322,2025-12-10,1315,Net Banking,Out for Delivery
941,195,160,980,2025-12-11,560,Cash,Delivered
942,62,83,178,2025-12-11,695,UPI,Delivered
943,177,161,471,2025-12-11,930,UPI,Delivered
944,122,81,935,2025-12-12,180,Card,Delivered
945,166,39,546,2025-12-12,1290,UPI,Delivered
946,183,113,351,2025-12-13,380,Cash,Delivered
947,126,18,560,2025-12-13,1265,Cash,Delivered
948,115,121,363,2025-12-13,145,UPI,Pending
949,5,114,693,2025-12-14,155,Card,Delivered
950,24,162,791,2025-12-14,1385,Cash,Delivered
951,76,78,889,2025-12-14,1285,UPI,Delivered
952,57,71,739,2025-12-15,1260,UPI,Pending
953,104,152,698,2025-12-15,205,Cash,Cancelled
954,178,15,659,2025-12-15,1025,UPI,Delivered
955,63,91,823,2025-12-16,440,Cash,Delivered
956,79,130,710,2025-12-16,1470,Cash,Delivered
957,170,19,271,2025-12-16,710,UPI,Pending
958,149,80,625,2025-12-16,145,UPI,Delivered
959,95,119,496,2025-12-17,580,Net Banking,Delivered
960,122,116,197,2025-12-17,140,Card,Pending
961,142,10,981,2025-12-17,1400,Cash,Cancelled
962,136,15,253,2025-12-18,380,UPI,Delivered
963,89,95,286,2025-12-18,1165,UPI,Delivered
964,109,74,572,2025-12-18,1260,Card,Delivered
965,191,20,306,2025-12-19,620,UPI,Delivered
966,141,166,231,2025-12-19,1285,Card,Delivered
967,85,24,965,2025-12-19,1220,Cash,Delivered
968,91,158,997,2025-12-20,740,Card,Pending
969,180,153,305,2025-12-20,1200,Cash,Cancelled
970,117,130,790,2025-12-20,660,Net Banking,Delivered
971,70,99,296,2025-12-20,255,UPI,Delivered
972,79,119,722,2025-12-21,610,UPI,Delivered
973,65,149,213,2025-12-21,1030,UPI,Delivered
974,60,142,707,2025-12-21,550,Cash,Delivered
975,31,190,722,2025-12-21,500,UPI,Pending
976,185,11,501,2025-12-21,485,Card,Delivered
977,50,116,325,2025-12-22,640,UPI,Delivered
978,81,147,492,2025-12-22,620,Card,Pending
979,31,167,358,2025-12-22,1480,Cash,Pending
980,191,49,574,2025-12-22,1140,Net Banking,Delivered
981,138,83,957,2025-12-23,330,Cash,Pending
982,196,155,957,2025-12-23,920,Card,Out for Delivery
983,177,122,815,2025-12-25,535,UPI,Cancelled
984,48,129,739,2025-12-25,1030,UPI,Delivered
985,50,39,281,2025-12-25,1410,Card,Out for Delivery
986,56,16,295,2025-12-26,950,Net Banking,Delivered
987,190,116,125,2025-12-27,470,Net Banking,Delivered
988,124,27,588,2025-12-27,670,Net Banking,Delivered
989,71,88,693,2025-12-27,560,UPI,Cancelled
990,186,183,557,2025-12-27,860,Net Banking,Delivered
991,151,22,389,2025-12-28,690,Net Banking,Delivered
992,195,130,918,2025-12-28,425,Net Banking,Pending
993,135,166,405,2025-12-28,375,Card,Delivered
994,153,45,839,2025-12-30,855,Card,Delivered
995,73,11,354,2025-12-30,1445,UPI,Delivered
996,26,64,978,2025-12-30,505,Cash,Delivered
997,50,182,792,2025-12-30,995,Net Banking,Delivered
998,76,113,824,2025-12-30,690,Card,Delivered
999,59,113,150,2025-12-31,895,Card,Out for Delivery
1000,93,135,298,2025-12-31,675,UPI,Out for Delivery
